{
  "experiment": "sub_weight_sweep",
  "sub_weight": 5.0,
  "config": "12L/512D/8H/64bits (XL, 40M params)",
  "steps": 50000,
  "batch_size": 64,
  "block_size": 256,
  "alpha": 0.05,
  "entropy_weight": 1.0,
  "align_weight": 5.0,
  "warmup_pct": 0.8,
  "training_time_min": 187.0180408914884,
  "total_params": 40035328,
  "best_lang_loss": 0.7667384743690491,
  "eval_25k": {
    "ppl": 8.282937211199819,
    "avg_loss": 2.1141976411455046,
    "semantic_gap": 0.02274002832288924,
    "mean_bit_entropy": 0.6634309097636664,
    "dead_bits": 8,
    "active_bits": 56,
    "sub_train_rate": 0.0,
    "sub_train_inheritance": 0.6740376558924946,
    "sub_train_n": 44,
    "sub_test_rate": 0.0,
    "sub_test_inheritance": 0.6310882665721376,
    "sub_test_n": 13
  },
  "eval_50k": {
    "ppl": 10.682719251312108,
    "avg_loss": 2.3686274126701075,
    "semantic_gap": 0.008469963073730491,
    "mean_bit_entropy": 0.3874379534925392,
    "dead_bits": 33,
    "active_bits": 31,
    "sub_train_rate": 1.0,
    "sub_train_inheritance": 1.0,
    "sub_train_n": 44,
    "sub_test_rate": 0.7692307692307693,
    "sub_test_inheritance": 0.9736263736263737,
    "sub_test_n": 13
  }
}