{
  "experiment": "xl_baseline_frozen_random",
  "variant": "frozen_random",
  "label": "B3: Frozen Random Head",
  "description": "Triadic loss (entropy+diversity only, no alignment) with frozen random head",
  "config": "12L/512D/8H/64bits (XL, 40M params)",
  "alpha": 0.05,
  "freeze_head": true,
  "steps": 50000,
  "training_time_min": 143.6086199680964,
  "ppl": 10.683092010525256,
  "avg_loss": 2.3686623057250555,
  "semantic_gap": 0.022217628305348014,
  "mean_bit_entropy": 0.615794344211097,
  "dead_bits": 13,
  "analogy_verification": 0.3333333333333333,
  "king_queen_sim": 0.34119510650634766,
  "king_dog_sim": 0.6354180574417114,
  "ordering_correct": false
}