{
  "experiment": "sub_weight_sweep",
  "sub_weight": 0.5,
  "config": "12L/512D/8H/64bits (XL, 40M params)",
  "steps": 50000,
  "batch_size": 64,
  "block_size": 256,
  "alpha": 0.05,
  "entropy_weight": 1.0,
  "align_weight": 5.0,
  "warmup_pct": 0.8,
  "training_time_min": 187.6896827618281,
  "total_params": 40035328,
  "best_lang_loss": 0.8009676337242126,
  "eval_25k": {
    "ppl": 8.343963110679287,
    "avg_loss": 2.121538296629169,
    "semantic_gap": 0.05514250202820847,
    "mean_bit_entropy": 0.5798688450187852,
    "dead_bits": 16,
    "active_bits": 48,
    "sub_train_rate": 0.0,
    "sub_train_inheritance": 0.733039112720683,
    "sub_train_n": 44,
    "sub_test_rate": 0.0,
    "sub_test_inheritance": 0.761085345359539,
    "sub_test_n": 13
  },
  "eval_50k": {
    "ppl": 10.79039604380119,
    "avg_loss": 2.3786564833046153,
    "semantic_gap": 0.014797926201270184,
    "mean_bit_entropy": 0.35682664709094836,
    "dead_bits": 30,
    "active_bits": 34,
    "sub_train_rate": 1.0,
    "sub_train_inheritance": 1.0,
    "sub_train_n": 44,
    "sub_test_rate": 0.8461538461538461,
    "sub_test_inheritance": 0.9839743589743589,
    "sub_test_n": 13
  }
}