{
  "experiment": "E5_scale_interpolation",
  "description": "Interpolation between large (15.9M) and xl (40M) to locate semantic gap transition",
  "configs": {
    "25m": {
      "n_layer": 10,
      "n_embd": 448,
      "n_head": 8,
      "n_triadic_bits": 64,
      "label": "25M"
    },
    "30m": {
      "n_layer": 10,
      "n_embd": 480,
      "n_head": 8,
      "n_triadic_bits": 64,
      "label": "30M"
    }
  },
  "results": {
    "25m": {
      "config_name": "25m",
      "label": "25M",
      "architecture": "10L/448D/8H/64bits",
      "total_params": 26081664,
      "total_params_M": 26.1,
      "ppl": 7.753900920764649,
      "final_loss": 0.9773048162460327,
      "training_time_min": 104.4,
      "training_config": {
        "steps": 50000,
        "batch_size": 64,
        "lr": 0.0003,
        "alpha": 0.05,
        "align_weight": 5.0,
        "align_mode": "mse",
        "entropy_weight": 1.0,
        "triadic_warmup_pct": 0.8,
        "seed": 42
      },
      "semantic_gap": 0.01026151035267564,
      "analogy_verification": 1.0,
      "analogy_correct": 13,
      "analogy_total": 13,
      "dead_bits": 9,
      "mean_entropy": 0.6551390264326897,
      "bit_entropy_per_bit": [
        -1.4426949695965583e-07,
        0.4262283684592274,
        0.9986356756195925,
        0.4262283684592274,
        0.5586290849132547,
        0.793590941472738,
        0.2580183801259807,
        -1.4426949695965583e-07,
        0.9656358448316321,
        0.793590941472738,
        0.9999997114610208,
        0.6665780694559627,
        -1.4426949695965583e-07,
        0.8589807485036238,
        0.5586290849132547,
        0.49596878352290014,
        0.9999997114610208,
        0.9999997114610208,
        0.5586290849132547,
        0.9321112790776984,
        0.9656358448316321,
        0.793590941472738,
        0.3478166250321735,
        0.9503373814320495,
        0.7131464600995299,
        0.34781662503217337,
        0.8589807485036236,
        0.9876922203568246,
        0.4959687835229001,
        0.6152536025173887,
        0.9656358448316321,
        0.9321112790776984,
        0.2580183801259807,
        0.755375124022463,
        0.7553751240224631,
        -1.4426949695965583e-07,
        0.9656358448316321,
        0.9321112790776984,
        0.9999997114610208,
        0.49596878352290014,
        0.9945383931110321,
        0.15109668197844475,
        0.5586290849132547,
        0.42622836845922774,
        0.8589807485036238,
        0.34781662503217337,
        0.9945383931110321,
        0.755375124022463,
        0.6665780694559627,
        0.9503373814320495,
        0.6665780694559627,
        0.6665780694559627,
        -1.4426949695965583e-07,
        0.9876922203568246,
        0.4262283684592274,
        0.7553751240224631,
        0.8280554368405332,
        0.42622836845922774,
        0.3478166250321735,
        0.7131464600995299,
        0.755375124022463,
        0.9876922203568246,
        0.2580183801259807,
        0.9780706824345177
      ],
      "ordering_correct": false,
      "king_queen_sim": 0.4961947500705719,
      "king_dog_sim": 0.5185996890068054,
      "related_mean_sim": 0.5972780333115504,
      "random_mean_sim": 0.5870165229588747
    },
    "30m": {
      "config_name": "30m",
      "label": "30M",
      "architecture": "10L/480D/8H/64bits",
      "total_params": 29787840,
      "total_params_M": 29.8,
      "ppl": 8.380433244598981,
      "final_loss": 0.9085120558738708,
      "training_time_min": 206.7,
      "training_config": {
        "steps": 50000,
        "batch_size": 64,
        "lr": 0.0003,
        "alpha": 0.05,
        "align_weight": 5.0,
        "align_mode": "mse",
        "entropy_weight": 1.0,
        "triadic_warmup_pct": 0.8,
        "seed": 42
      },
      "semantic_gap": 0.04286894181599987,
      "analogy_verification": 1.0,
      "analogy_correct": 13,
      "analogy_total": 13,
      "dead_bits": 9,
      "mean_entropy": 0.6900864325043983,
      "bit_entropy_per_bit": [
        0.4959687835229001,
        0.7131464600995299,
        0.7131464600995299,
        0.8865406042831159,
        0.9780706824345176,
        0.49596878352290014,
        0.4959687835229001,
        0.8589807485036238,
        -1.4426949695965583e-07,
        0.9503373814320495,
        0.2580183801259807,
        0.9876922203568246,
        0.9986356756195925,
        0.6152536025173887,
        0.6665780694559627,
        0.6152536025173887,
        0.9780706824345177,
        0.8589807485036238,
        0.49596878352290014,
        0.9108780902110614,
        0.9986356756195925,
        0.9656358448316321,
        0.9321112790776984,
        0.8280554368405332,
        0.9656358448316321,
        0.2580183801259808,
        0.34781662503217337,
        0.3478166250321735,
        0.8865406042831159,
        0.9876922203568245,
        0.793590941472738,
        0.9503373814320495,
        -1.4426949695965583e-07,
        0.9945383931110321,
        0.9503373814320495,
        0.755375124022463,
        0.8865406042831159,
        0.9503373814320495,
        0.5586290849132547,
        0.8589807485036236,
        0.3478166250321735,
        0.34781662503217337,
        0.4959687835229001,
        0.9945383931110321,
        0.9780706824345176,
        0.9321112790776984,
        0.6665780694559627,
        0.9780706824345176,
        -1.4426949695965583e-07,
        0.6152536025173887,
        0.9503373814320495,
        0.3478166250321735,
        0.4959687835229001,
        0.9945383931110321,
        0.9780706824345176,
        0.9876922203568246,
        -1.4426949695965583e-07,
        0.793590941472738,
        0.9945383931110321,
        0.9321112790776984,
        -1.4426949695965583e-07,
        0.2580183801259807,
        -1.4426949695965583e-07,
        0.8865406042831159
      ],
      "ordering_correct": false,
      "king_queen_sim": 0.33601340651512146,
      "king_dog_sim": 0.4736511707305908,
      "related_mean_sim": 0.6147938347779788,
      "random_mean_sim": 0.5719248929619789
    }
  }
}