{
  "experiment": "sub_weight_sweep",
  "description": "E4: Subsumption Loss Weight Sweep at XL Scale",
  "weights_tested": [
    0.5,
    1.0,
    2.0,
    5.0
  ],
  "recommended_weight": 1.0,
  "run15_baseline": {
    "loss": 0.946,
    "entropy": 0.749,
    "semantic_gap": 0.02,
    "dead_bits": 15,
    "ppl": 7.69,
    "subsumption_train": 0.0,
    "subsumption_test": 0.0
  },
  "results": {
    "0.5": {
      "experiment": "sub_weight_sweep",
      "sub_weight": 0.5,
      "config": "12L/512D/8H/64bits (XL, 40M params)",
      "steps": 50000,
      "batch_size": 64,
      "block_size": 256,
      "alpha": 0.05,
      "entropy_weight": 1.0,
      "align_weight": 5.0,
      "warmup_pct": 0.8,
      "training_time_min": 187.6896827618281,
      "total_params": 40035328,
      "best_lang_loss": 0.8009676337242126,
      "eval_25k": {
        "ppl": 8.343963110679287,
        "avg_loss": 2.121538296629169,
        "semantic_gap": 0.05514250202820847,
        "mean_bit_entropy": 0.5798688450187852,
        "dead_bits": 16,
        "active_bits": 48,
        "sub_train_rate": 0.0,
        "sub_train_inheritance": 0.733039112720683,
        "sub_train_n": 44,
        "sub_test_rate": 0.0,
        "sub_test_inheritance": 0.761085345359539,
        "sub_test_n": 13
      },
      "eval_50k": {
        "ppl": 10.79039604380119,
        "avg_loss": 2.3786564833046153,
        "semantic_gap": 0.014797926201270184,
        "mean_bit_entropy": 0.35682664709094836,
        "dead_bits": 30,
        "active_bits": 34,
        "sub_train_rate": 1.0,
        "sub_train_inheritance": 1.0,
        "sub_train_n": 44,
        "sub_test_rate": 0.8461538461538461,
        "sub_test_inheritance": 0.9839743589743589,
        "sub_test_n": 13
      }
    },
    "1.0": {
      "experiment": "sub_weight_sweep",
      "sub_weight": 1.0,
      "config": "12L/512D/8H/64bits (XL, 40M params)",
      "steps": 50000,
      "batch_size": 64,
      "block_size": 256,
      "alpha": 0.05,
      "entropy_weight": 1.0,
      "align_weight": 5.0,
      "warmup_pct": 0.8,
      "triadic_warmup_step": 40000,
      "mid_eval_step": 45000,
      "active_triadic_steps_at_mid": 5000,
      "active_triadic_steps_at_end": 10000,
      "training_time_min": 258.395747256279,
      "total_params": 40035328,
      "best_lang_loss": 0.7821458578109741,
      "eval_mid": {
        "ppl": 10.431281138011125,
        "avg_loss": 2.344809093493523,
        "semantic_gap": 0.0030453320191456967,
        "mean_bit_entropy": 0.30034313617466163,
        "dead_bits": 39,
        "active_bits": 25,
        "sub_train_rate": 1.0,
        "sub_train_inheritance": 1.0,
        "sub_train_n": 44,
        "sub_test_rate": 0.6923076923076923,
        "sub_test_inheritance": 0.9811884022410339,
        "sub_test_n": 13
      },
      "eval_50k": {
        "ppl": 10.709170514514136,
        "avg_loss": 2.371100431835083,
        "semantic_gap": 0.007132687729138665,
        "mean_bit_entropy": 0.37237584983641675,
        "dead_bits": 28,
        "active_bits": 36,
        "sub_train_rate": 1.0,
        "sub_train_inheritance": 1.0,
        "sub_train_n": 44,
        "sub_test_rate": 0.6923076923076923,
        "sub_test_inheritance": 0.9694055944055944,
        "sub_test_n": 13
      }
    },
    "2.0": {
      "experiment": "sub_weight_sweep",
      "sub_weight": 2.0,
      "config": "12L/512D/8H/64bits (XL, 40M params)",
      "steps": 50000,
      "batch_size": 64,
      "block_size": 256,
      "alpha": 0.05,
      "entropy_weight": 1.0,
      "align_weight": 5.0,
      "warmup_pct": 0.8,
      "training_time_min": 187.29458452860516,
      "total_params": 40035328,
      "best_lang_loss": 0.7679123878479004,
      "eval_25k": {
        "ppl": 8.328003381602494,
        "avg_loss": 2.119623737364758,
        "semantic_gap": 0.03373165678519463,
        "mean_bit_entropy": 0.5060194003914669,
        "dead_bits": 24,
        "active_bits": 40,
        "sub_train_rate": 0.0,
        "sub_train_inheritance": 0.7474477154416671,
        "sub_train_n": 44,
        "sub_test_rate": 0.0,
        "sub_test_inheritance": 0.7483945639187576,
        "sub_test_n": 13
      },
      "eval_50k": {
        "ppl": 10.76321200457846,
        "avg_loss": 2.376134023624027,
        "semantic_gap": 0.00583843428355002,
        "mean_bit_entropy": 0.24300033319771902,
        "dead_bits": 44,
        "active_bits": 20,
        "sub_train_rate": 1.0,
        "sub_train_inheritance": 1.0,
        "sub_train_n": 44,
        "sub_test_rate": 0.9230769230769231,
        "sub_test_inheritance": 0.9807692307692307,
        "sub_test_n": 13
      }
    },
    "5.0": {
      "experiment": "sub_weight_sweep",
      "sub_weight": 5.0,
      "config": "12L/512D/8H/64bits (XL, 40M params)",
      "steps": 50000,
      "batch_size": 64,
      "block_size": 256,
      "alpha": 0.05,
      "entropy_weight": 1.0,
      "align_weight": 5.0,
      "warmup_pct": 0.8,
      "training_time_min": 187.0180408914884,
      "total_params": 40035328,
      "best_lang_loss": 0.7667384743690491,
      "eval_25k": {
        "ppl": 8.282937211199819,
        "avg_loss": 2.1141976411455046,
        "semantic_gap": 0.02274002832288924,
        "mean_bit_entropy": 0.6634309097636664,
        "dead_bits": 8,
        "active_bits": 56,
        "sub_train_rate": 0.0,
        "sub_train_inheritance": 0.6740376558924946,
        "sub_train_n": 44,
        "sub_test_rate": 0.0,
        "sub_test_inheritance": 0.6310882665721376,
        "sub_test_n": 13
      },
      "eval_50k": {
        "ppl": 10.682719251312108,
        "avg_loss": 2.3686274126701075,
        "semantic_gap": 0.008469963073730491,
        "mean_bit_entropy": 0.3874379534925392,
        "dead_bits": 33,
        "active_bits": 31,
        "sub_train_rate": 1.0,
        "sub_train_inheritance": 1.0,
        "sub_train_n": 44,
        "sub_test_rate": 0.7692307692307693,
        "sub_test_inheritance": 0.9736263736263737,
        "sub_test_n": 13
      }
    }
  }
}