{
  "experiment": "curriculum_sub_r3",
  "config": "6L/256D/64bits",
  "phase1_steps": 7000,
  "phase2_steps": 3000,
  "variants": {
    "Sub only": {
      "final_loss": 1.741308569908142,
      "eval": {
        "gap": 0.09753334182314577,
        "ana_train": 0.4811888669545834,
        "ana_test": 0.3456269633024931,
        "ana_test_detail": [
          0.3742218315601349,
          0.34062495827674866,
          0.044809095561504364,
          0.6228519678115845
        ],
        "sub_train": 0.7111111111111111,
        "sub_test": 0.6666666666666666,
        "dead": 5,
        "entropy": 0.7372543970862078
      }
    },
    "R3 only": {
      "final_loss": 1.6874228715896606,
      "eval": {
        "gap": 0.0008295744657516035,
        "ana_train": 0.9999453012759869,
        "ana_test": 0.9990755468606949,
        "ana_test_detail": [
          0.9999556541442871,
          0.9999265670776367,
          0.9991051554679871,
          0.9973148107528687
        ],
        "sub_train": 1.0,
        "sub_test": 1.0,
        "dead": 64,
        "entropy": -1.4426949695965583e-07
      }
    },
    "Sub\u2192R3": {
      "final_loss": 1.6888163089752197,
      "eval": {
        "gap": 0.0021715688705444824,
        "ana_train": 0.9998256059793326,
        "ana_test": 0.999249204993248,
        "ana_test_detail": [
          0.999865710735321,
          0.9997667074203491,
          0.99819415807724,
          0.9991702437400818
        ],
        "sub_train": 1.0,
        "sub_test": 1.0,
        "dead": 64,
        "entropy": -1.4426949695965583e-07
      }
    }
  }
}