{
  "experiment": "embedding_gap_baseline",
  "description": "B1: Semantic gap on raw wte embeddings vs triadic projections",
  "checkpoint": "Run 15 (v1.4-strongalign)",
  "embedding_dim": 512,
  "triadic_dim": 64,
  "n_words": 39,
  "embedding": {
    "semantic_gap": {
      "gap": 0.025724479326835026,
      "mean_related": 0.4810748604627756,
      "mean_random": 0.45535038113594056,
      "n_related": 13,
      "n_random": 200
    },
    "analogy_verification": {
      "verification_rate": 0.5,
      "verified": 3,
      "total": 6
    }
  },
  "triadic": {
    "semantic_gap": {
      "gap": 0.04590670754130066,
      "mean_related": 0.5454709965449113,
      "mean_random": 0.4995642890036106,
      "n_related": 13,
      "n_random": 200
    },
    "analogy_verification": {
      "verification_rate": 0.6666666666666666,
      "verified": 4,
      "total": 6
    },
    "bit_stats": {
      "dead_bits": 10,
      "mean_entropy": 0.6951160723215735
    }
  },
  "net_semantic_gap": 0.020182228214465636,
  "gross_triadic_gap": 0.04590670754130066,
  "gross_embedding_gap": 0.025724479326835026,
  "verdict": "TRIADIC ADDS VALUE \u2014 net gap positive"
}