{
  "experiment": "k_constant_analysis",
  "source": "La Danza Cosmica Cap. 25 \u2014 Rule of Three",
  "model": "Run 15 v1.4-strongalign",
  "analogy_results": [
    {
      "analogy": "king:queen :: man:woman",
      "K": 2.1171693837724357,
      "sim_AB": 0.33223143219947815,
      "sim_CD": 0.527868926525116,
      "sim_AC": 0.19543519616127014,
      "sim_BD": 0.4238463342189789,
      "offset_similarity": 0.046123404055833817,
      "phi_A": 1729378497916513665869265617903521890776281934919600852678405,
      "phi_B": 58620291661219236315413077547443855993461445548587165,
      "phi_C": 1080258942733166263957754866303287904520491323547770085,
      "phi_D": 6483308406230812579113215287877977574323432439555181613325132100233,
      "predicted_D": 17523159300407099039478797009274651700256730364415,
      "sim_predicted_actual": 0.475,
      "shared_factors_AB": 16,
      "shared_factors_CD": 20,
      "exact_match": false
    },
    {
      "analogy": "king:queen :: boy:girl",
      "K": 2.775905891372533,
      "sim_AB": 0.33223143219947815,
      "sim_CD": 0.7022872567176819,
      "sim_AC": 0.15710611641407013,
      "sim_BD": 0.5350047945976257,
      "offset_similarity": -0.08921283483505249,
      "phi_A": 1729378497916513665869265617903521890776281934919600852678405,
      "phi_B": 58620291661219236315413077547443855993461445548587165,
      "phi_C": 2595599337322497093832418218716342393929839885980600730,
      "phi_D": 268035866452172095880614117481712566691415093910,
      "predicted_D": 2485147985414819412963416910899106541559943470938130,
      "sim_predicted_actual": 0.40540540540540543,
      "shared_factors_AB": 16,
      "shared_factors_CD": 18,
      "exact_match": false
    },
    {
      "analogy": "father:mother :: brother:sister",
      "K": 1.2339683424512682,
      "sim_AB": 0.6560865640640259,
      "sim_CD": 0.4439099431037903,
      "sim_AC": 0.45003432035446167,
      "sim_BD": 0.5244527459144592,
      "offset_similarity": 0.06456933170557022,
      "phi_A": 2691026753614036761131699386655804988784498415735901,
      "phi_B": 357429649625921648742991362489678032742673240265,
      "phi_C": 182217822660960416225051034274624416225184370288542355010,
      "phi_D": 1071085129925800302619951194704555984720192181018673253582901633826985,
      "predicted_D": 1286428870053665486182935744192311461453416225891169130,
      "sim_predicted_actual": 0.4883720930232558,
      "shared_factors_AB": 19,
      "shared_factors_CD": 21,
      "exact_match": false
    },
    {
      "analogy": "father:mother :: son:daughter",
      "K": 0.9127427271384345,
      "sim_AB": 0.6560865640640259,
      "sim_CD": 0.5684289932250977,
      "sim_AC": 0.5137338042259216,
      "sim_BD": 0.7953363656997681,
      "offset_similarity": 0.08154641836881638,
      "phi_A": 2691026753614036761131699386655804988784498415735901,
      "phi_B": 357429649625921648742991362489678032742673240265,
      "phi_C": 8318170324961867233190184182941078594753380733731143931743045,
      "phi_D": 10735483242179475224796544386766612195035405725089830527077490,
      "predicted_D": 248512141695562823607470477626226408889148697643821035,
      "sim_predicted_actual": 0.5128205128205128,
      "shared_factors_AB": 19,
      "shared_factors_CD": 24,
      "exact_match": false
    },
    {
      "analogy": "dog:puppy :: cat:kitten",
      "K": 0.8922443246732743,
      "sim_AB": 0.6075698733329773,
      "sim_CD": 0.5175650715827942,
      "sim_AC": 0.5901668071746826,
      "sim_BD": 0.5971763730049133,
      "offset_similarity": -0.21057343482971191,
      "phi_A": 163539777591460108339582357559769578977476100988133584930,
      "phi_B": 227372006555984295204743566962836459152973708402,
      "phi_C": 2003104058492832870656054457856961297429480683462,
      "phi_D": 40288578102036094360569686383081815863893326486626890,
      "predicted_D": 1121392158468137938347295842634612053103527218,
      "sim_predicted_actual": 0.4444444444444444,
      "shared_factors_AB": 17,
      "shared_factors_CD": 17,
      "exact_match": false
    },
    {
      "analogy": "big:small :: tall:short",
      "K": 1.2004301613452666,
      "sim_AB": 0.5434298515319824,
      "sim_CD": 0.747014582157135,
      "sim_AC": 0.5945706367492676,
      "sim_BD": 0.5687641501426697,
      "offset_similarity": -0.3407430648803711,
      "phi_A": 281700136956713349264135242664218323344215882378272142528018,
      "phi_B": 737532092171968882083702398967698434134588293562862587522,
      "phi_C": 20358663886291174478060033252081125316468952976043642878847670,
      "phi_D": 380944395095853217649401230210193140596471813605266830,
      "predicted_D": 2873531889901150892518927271645871731368241256353699811020560590,
      "sim_predicted_actual": 0.525,
      "shared_factors_AB": 22,
      "shared_factors_CD": 24,
      "exact_match": false
    },
    {
      "analogy": "hot:cold :: day:night",
      "K": 1.3506850046052954,
      "sim_AB": 0.44641903042793274,
      "sim_CD": 0.5528619885444641,
      "sim_AC": 0.41475871205329895,
      "sim_BD": 0.4405648410320282,
      "offset_similarity": 0.18420571088790894,
      "phi_A": 9358970907893522740257646429623833919996169372585110,
      "phi_B": 1206930483692436617325846094370735259539748722400328673049023320524534690,
      "phi_C": 677398142677188645146204339063048983829508638000867930927723946,
      "phi_D": 1520202182515983589652737413087729862231746040838242997358047130,
      "predicted_D": 74449522859204365528326625318721592107511412781273783898599010160383190681506,
      "sim_predicted_actual": 0.5208333333333334,
      "shared_factors_AB": 22,
      "shared_factors_CD": 22,
      "exact_match": false
    },
    {
      "analogy": "happy:sad :: love:hate",
      "K": 0.6871303543812952,
      "sim_AB": 0.2153690755367279,
      "sim_CD": 0.5217295289039612,
      "sim_AC": 0.32620394229888916,
      "sim_BD": 0.5013031363487244,
      "offset_similarity": 0.12411190569400787,
      "phi_A": 2380217967169612910706910139412449453780787261913268084005862220265070259,
      "phi_B": 59943676942120693007375257012094945865306140203795446185086213,
      "phi_C": 53626657516570000772107123062058707933645083566762381766391502911854990,
      "phi_D": 88923168045948628159921971829210284013171032280811267773825571947606,
      "predicted_D": 1915478877134946363595658339986880271873869184534918505484931490,
      "sim_predicted_actual": 0.5111111111111111,
      "shared_factors_AB": 19,
      "shared_factors_CD": 24,
      "exact_match": false
    },
    {
      "analogy": "doctor:hospital :: teacher:school",
      "K": 1.0549940688314052,
      "sim_AB": 0.6661416888237,
      "sim_CD": 0.5326259732246399,
      "sim_AC": 0.7538697719573975,
      "sim_BD": 0.44611066579818726,
      "offset_similarity": -0.07617875933647156,
      "phi_A": 5139966750280486232828677624010050334232927617101458982330,
      "phi_B": 3564712366259948635452904835586556016008428510925158720161703695363,
      "phi_C": 1223957990326137571421845447060806131377711234454190,
      "phi_D": 34292158373426176410004281085231804656054092140872195065794,
      "predicted_D": 1621669542858497256944697062510763560613146020231558243179243,
      "sim_predicted_actual": 0.4634146341463415,
      "shared_factors_AB": 22,
      "shared_factors_CD": 18,
      "exact_match": false
    },
    {
      "analogy": "sun:day :: moon:night",
      "K": 0.30748021227208294,
      "sim_AB": 0.4158174693584442,
      "sim_CD": 0.28726834058761597,
      "sim_AC": 0.702678382396698,
      "sim_BD": 0.5528619885444641,
      "offset_similarity": 0.41759681701660156,
      "phi_A": 4948721093035367014530125687317527378507842436883562645,
      "phi_B": 677398142677188645146204339063048983829508638000867930927723946,
      "phi_C": 67958971454764597175525529406718448745746594812916602772169390,
      "phi_D": 1520202182515983589652737413087729862231746040838242997358047130,