{
  "experiment": "r3_entropy_guard",
  "config": "6L/256D/64bits",
  "steps": 10000,
  "r3_weight": 5.0,
  "variants": {
    "No R3 (1x)": {
      "use_r3": false,
      "entropy_weight": 1.0,
      "final_loss": 1.6985549926757812,
      "eval": {
        "gap": -0.005805078297853483,
        "ana_train": 0.5133725863236648,
        "ana_test": 0.41493162512779236,
        "ana_test_detail": [
          0.4414011836051941,
          0.4597153961658478,
          0.4371713697910309,
          0.3214385509490967
        ],
        "dead": 14,
        "entropy": 0.6311852880222004
      }
    },
    "R3 + ent 1x": {
      "use_r3": true,
      "entropy_weight": 1.0,
      "final_loss": 1.5877214670181274,
      "eval": {
        "gap": 0.0005143120884895103,
        "ana_train": 0.9999447602492112,
        "ana_test": 0.9991059750318527,
        "ana_test_detail": [
          0.9999570846557617,
          0.9999353885650635,
          0.9978122115135193,
          0.9987192153930664
        ],
        "dead": 64,
        "entropy": -1.4426949695965583e-07
      }
    },
    "R3 + ent 5x": {
      "use_r3": true,
      "entropy_weight": 5.0,
      "final_loss": 1.854026436805725,
      "eval": {
        "gap": 0.00029644459486011243,
        "ana_train": 0.999945370050577,
        "ana_test": 0.9990381747484207,
        "ana_test_detail": [
          0.9999600648880005,
          0.9999222159385681,
          0.9988423585891724,
          0.9974280595779419
        ],
        "dead": 64,
        "entropy": -1.4426949695965583e-07
      }
    },
    "R3 + ent 10x": {
      "use_r3": true,
      "entropy_weight": 10.0,
      "final_loss": 1.700667142868042,
      "eval": {
        "gap": 0.0004962578415870222,
        "ana_train": 0.9999324037478521,
        "ana_test": 0.9987529665231705,
        "ana_test_detail": [
          0.9999422430992126,
          0.9998965859413147,
          0.9964215159416199,
          0.9987515211105347
        ],
        "dead": 64,
        "entropy": -1.4426949695965583e-07
      }
    },
    "R3 + ent 20x": {
      "use_r3": true,
      "entropy_weight": 20.0,
      "final_loss": 1.8116015195846558,
      "eval": {
        "gap": 0.0002451515197754439,
        "ana_train": 0.9999248935626104,
        "ana_test": 0.9989591985940933,
        "ana_test_detail": [
          0.9999396204948425,
          0.9998652935028076,
          0.997397780418396,
          0.9986340999603271
        ],
        "dead": 64,
        "entropy": -1.4426949695965583e-07
      }
    }
  }
}