{
  "experiment": "sin_head_experiment",
  "source": "La Danza Cosmica Cap. 7-9 \u2014 Wave Model",
  "config": "6L/256D/64bits",
  "steps": 10000,
  "tanh": {
    "hist_step": [
      0,
      500,
      1000,
      1500,
      2000,
      2500,
      3000,
      3500,
      4000,
      4500,
      5000,
      5500,
      6000,
      6500,
      7000,
      7500,
      8000,
      8500,
      9000,
      9500,
      9999
    ],
    "hist_loss": [
      8.39242172241211,
      3.9866209030151367,
      3.3845326900482178,
      2.9569921493530273,
      2.7172608375549316,
      2.652980089187622,
      2.360593795776367,
      2.3068246841430664,
      2.16209077835083,
      2.10780668258667,
      2.099632740020752,
      1.9657825231552124,
      1.8701115846633911,
      1.8648946285247803,
      1.737051010131836,
      1.818199634552002,
      1.820165991783142,
      1.7421321868896484,
      1.636692762374878,
      1.717289924621582,
      1.6240473985671997
    ],
    "hist_tri_loss": [
      0.0,
      0.0,
      0.0,
      0.0,
      0.0,
      0.4952521324157715,
      0.18599921464920044,
      0.15606114268302917,
      0.13059277832508087,
      0.12137783318758011,
      0.11628320068120956,
      0.1165287122130394,
      0.1139914020895958,
      0.10787194967269897,
      0.10797657072544098,
      0.10548199713230133,
      0.1062609851360321,
      0.11003096401691437,
      0.10719212889671326,
      0.11070720851421356,
      0.10526277869939804
    ],
    "hist_entropy": [
      0.892817497253418,
      0.9378894567489624,
      0.968719482421875,
      0.9742512702941895,
      0.9780250787734985,
      0.9780241847038269,
      0.9953640699386597,
      0.9973602294921875,
      0.9980019330978394,
      0.9981299638748169,
      0.9986782073974609,
      0.9982229471206665,
      0.9985762238502502,
      0.9989239573478699,
      0.9990570545196533,
      0.9987959265708923,
      0.9987890720367432,
      0.9988675117492676,
      0.998897135257721,
      0.9988276362419128,
      0.999228835105896
    ],
    "hist_active_bits": [
      64,
      64,
      64,
      64,
      64,
      64,
      64,
      64,
      64,
      64,
      64,
      64,
      64,
      64,
      64,
      64,
      64,
      64,
      64,
      64,
      64
    ],
    "semantic_gap": -0.00492078118854089,
    "mean_related_sim": 0.5573116011089749,
    "mean_random_sim": 0.5622323822975158,
    "mean_bit_entropy": 0.6056598622949186,
    "dead_bits": 10,
    "active_bits": 54
  },
  "sin": {
    "hist_step": [
      0,
      500,
      1000,
      1500,
      2000,
      2500,
      3000,
      3500,
      4000,
      4500,
      5000,
      5500,
      6000,
      6500,
      7000,
      7500,
      8000,
      8500,
      9000,
      9500,
      9999
    ],
    "hist_loss": [
      8.366708755493164,
      4.102718353271484,
      3.324176549911499,
      2.914435386657715,
      2.6808714866638184,
      2.623995304107666,
      2.361447811126709,
      2.285670042037964,
      2.100327968597412,
      2.0568742752075195,
      1.8946869373321533,
      1.885934829711914,
      1.9605892896652222,
      1.9152997732162476,
      1.8898757696151733,
      1.8227113485336304,
      1.8198966979980469,
      1.7079331874847412,
      1.7178435325622559,
      1.7136168479919434,
      1.7606749534606934
    ],
    "hist_tri_loss": [
      0.0,
      0.0,
      0.0,
      0.0,
      0.0,
      0.6998419761657715,
      0.16449293494224548,
      0.15022048354148865,
      0.12956975400447845,
      0.12727877497673035,
      0.12654030323028564,
      0.11569145321846008,
      0.11152379214763641,
      0.11374231427907944,
      0.10504645854234695,
      0.11605171859264374,
      0.10149979591369629,
      0.10378826409578323,
      0.11366100609302521,
      0.10563346743583679,
      0.10524681210517883
    ],
    "hist_entropy": [
      0.8675215244293213,
      0.9130218029022217,
      0.9532938003540039,
      0.9582586884498596,
      0.9627953767776489,
      0.9604809880256653,
      0.9977426528930664,
      0.9971016645431519,
      0.9981171488761902,
      0.9978699088096619,
      0.9983615875244141,
      0.9981024265289307,
      0.9982470273971558,
      0.998583197593689,
      0.9986165761947632,
      0.9989116191864014,
      0.999221682548523,
      0.9990053176879883,
      0.9991128444671631,
      0.9990185499191284,
      0.9987798929214478
    ],
    "hist_active_bits": [
      63,
      64,
      64,
      64,
      64,
      64,
      64,
      64,
      64,
      64,
      64,
      64,
      64,
      64,
      64,
      64,
      64,
      64,
      64,
      64,
      64
    ],
    "semantic_gap": 0.016492611302269866,
    "mean_related_sim": 0.605620308054818,
    "mean_random_sim": 0.5891276967525482,
    "mean_bit_entropy": 0.617523420820604,
    "dead_bits": 14,
    "active_bits": 50
  }
}