{
  "TP": 2,
  "FP": 19,
  "TN": 1968,
  "FN": 11,
  "accuracy": 0.985,
  "FPR": 0.009562154001006542,
  "precision": 0.09523809523809523,
  "recall": 0.15384615384615385
}