{
  "experiment": "sub_weight_sweep",
  "sub_weight": 2.0,
  "config": "12L/512D/8H/64bits (XL, 40M params)",
  "steps": 50000,
  "batch_size": 64,
  "block_size": 256,
  "alpha": 0.05,
  "entropy_weight": 1.0,
  "align_weight": 5.0,
  "warmup_pct": 0.5,
  "triadic_warmup_step": 25000,
  "mid_eval_step": 37500,
  "active_triadic_steps_at_mid": 12500,
  "active_triadic_steps_at_end": 25000,
  "training_time_min": 254.12403525511425,
  "total_params": 40035328,
  "best_lang_loss": 0.7632344961166382,
  "eval_mid": {
    "ppl": 9.873482927842474,
    "avg_loss": 2.2898526714250074,
    "semantic_gap": -0.00013196830566108986,
    "mean_bit_entropy": 0.3612992581606705,
    "dead_bits": 34,
    "active_bits": 30,
    "sub_train_rate": 1.0,
    "sub_train_inheritance": 1.0,
    "sub_train_n": 44,
    "sub_test_rate": 0.6923076923076923,
    "sub_test_inheritance": 0.967503085150144,
    "sub_test_n": 13
  },
  "eval_50k": {
    "ppl": 10.700001120075997,
    "avg_loss": 2.3702438461478548,
    "semantic_gap": 0.004290379262887445,
    "mean_bit_entropy": 0.44236045456992396,
    "dead_bits": 24,
    "active_bits": 40,
    "sub_train_rate": 1.0,
    "sub_train_inheritance": 1.0,
    "sub_train_n": 44,
    "sub_test_rate": 0.7692307692307693,
    "sub_test_inheritance": 0.9717194570135747,
    "sub_test_n": 13
  }
}