{
  "n_seeds": 3,
  "seeds": [
    123,
    42,
    777
  ],
  "summary": {
    "ppl": {
      "mean": 10.86407421927496,
      "std": 0.010838686551399562,
      "min": 10.853868049967918,
      "max": 10.875450477544481,
      "values": [
        10.875450477544481,
        10.862904130312476,
        10.853868049967918
      ]
    },
    "semantic_gap": {
      "mean": 0.03775891777796625,
      "std": 0.005022775780787974,
      "min": 0.03202859446979489,
      "max": 0.041399206926043264,
      "values": [
        0.03202859446979489,
        0.041399206926043264,
        0.039848951938060595
      ]
    },
    "analogy_verification": {
      "mean": 1.0,
      "std": 0.0,
      "min": 1.0,
      "max": 1.0,
      "values": [
        1.0,
        1.0,
        1.0
      ]
    },
    "dead_bits": {
      "mean": 11.0,
      "std": 1.0,
      "min": 10.0,
      "max": 12.0,
      "values": [
        11,
        10,
        12
      ]
    },
    "mean_entropy": {
      "mean": 0.6475217579017579,
      "std": 0.021257321154581777,
      "min": 0.6270850559797324,
      "max": 0.6695142166243694,
      "values": [
        0.6695142166243694,
        0.6270850559797324,
        0.645966001101172
      ]
    }
  },
  "per_seed": [
    {
      "seed": 123,
      "ppl": 10.875450477544481,
      "final_loss": 0.7336801290512085,
      "training_time_min": 145.5758154074351,
      "semantic_gap": 0.03202859446979489,
      "analogy_verification": 1.0,
      "dead_bits": 11,
      "mean_entropy": 0.6695142166243694,
      "ordering_correct": true,
      "king_queen_sim": 0.5264412760734558,
      "king_dog_sim": 0.5000206232070923
    },
    {
      "seed": 42,
      "ppl": 10.862904130312476,
      "final_loss": 0.7246382832527161,
      "training_time_min": 145.6038011709849,
      "semantic_gap": 0.041399206926043264,
      "analogy_verification": 1.0,
      "dead_bits": 10,
      "mean_entropy": 0.6270850559797324,
      "ordering_correct": true,
      "king_queen_sim": 0.39961013197898865,
      "king_dog_sim": 0.34167149662971497
    },
    {
      "seed": 777,
      "ppl": 10.853868049967918,
      "final_loss": 0.7226446270942688,
      "training_time_min": 145.48867092529932,
      "semantic_gap": 0.039848951938060595,
      "analogy_verification": 1.0,
      "dead_bits": 12,
      "mean_entropy": 0.645966001101172,
      "ordering_correct": true,
      "king_queen_sim": 0.5960028171539307,
      "king_dog_sim": 0.45179104804992676
    }
  ]
}