{
  "experiment": "sub_weight_sweep",
  "sub_weight": 1.0,
  "config": "12L/512D/8H/64bits (XL, 40M params)",
  "steps": 50000,
  "batch_size": 64,
  "block_size": 256,
  "alpha": 0.05,
  "entropy_weight": 1.0,
  "align_weight": 5.0,
  "warmup_pct": 0.8,
  "triadic_warmup_step": 40000,
  "mid_eval_step": 45000,
  "active_triadic_steps_at_mid": 5000,
  "active_triadic_steps_at_end": 10000,
  "training_time_min": 258.395747256279,
  "total_params": 40035328,
  "best_lang_loss": 0.7821458578109741,
  "eval_mid": {
    "ppl": 10.431281138011125,
    "avg_loss": 2.344809093493523,
    "semantic_gap": 0.0030453320191456967,
    "mean_bit_entropy": 0.30034313617466163,
    "dead_bits": 39,
    "active_bits": 25,
    "sub_train_rate": 1.0,
    "sub_train_inheritance": 1.0,
    "sub_train_n": 44,
    "sub_test_rate": 0.6923076923076923,
    "sub_test_inheritance": 0.9811884022410339,
    "sub_test_n": 13
  },
  "eval_50k": {
    "ppl": 10.709170514514136,
    "avg_loss": 2.371100431835083,
    "semantic_gap": 0.007132687729138665,
    "mean_bit_entropy": 0.37237584983641675,
    "dead_bits": 28,
    "active_bits": 36,
    "sub_train_rate": 1.0,
    "sub_train_inheritance": 1.0,
    "sub_train_n": 44,
    "sub_test_rate": 0.6923076923076923,
    "sub_test_inheritance": 0.9694055944055944,
    "sub_test_n": 13
  }
}