{
  "bit_entropy": 0.533777821556183,
  "unique_sigs": 110,
  "total_concepts": 111,
  "unique_pct": 99.09909909909909,
  "mean_related_sim": 0.7034121831915949,
  "mean_unrelated_sim": 0.6277425670786626,
  "semantic_gap": 0.07566961611293233,
  "subsumption_recall": 0.0,
  "subsumption_fpr": 0.0,
  "analogy_verification": 1.0,
  "analogy_total": 12,
  "ms_per_concept": 16.686251754116824,
  "method": "GPT-2+Triadic (transfer)",
  "n_bits": 64,
  "n_params": 124488960,
  "n_params_trainable": 124488960
}